{"stats":{"minecraft:custom":{"minecraft:time_since_rest":28509,"minecraft:interact_with_smithing_table":1,"minecraft:interact_with_furnace":3,"minecraft:sprint_one_cm":122135,"minecraft:damage_taken":1272,"minecraft:walk_one_cm":61358,"minecraft:mob_kills":37,"minecraft:drop":5,"minecraft:damage_dealt":40,"minecraft:damage_dealt_absorbed":60,"minecraft:talked_to_villager":6,"minecraft:swim_one_cm":5768,"minecraft:interact_with_crafting_table":2,"minecraft:fly_one_cm":472874,"minecraft:open_chest":4,"minecraft:crouch_one_cm":767,"minecraft:play_time":53556,"minecraft:deaths":3,"minecraft:sneak_time":770,"minecraft:walk_under_water_one_cm":983,"minecraft:jump":590,"minecraft:interact_with_blast_furnace":2,"minecraft:leave_game":1,"minecraft:walk_on_water_one_cm":3997,"minecraft:time_since_death":28465,"minecraft:total_world_time":53556,"minecraft:fall_one_cm":8743},"minecraft:dropped":{"minecraft:porkchop":4,"tacz:modern_kinetic_gun":2,"minecraft:leather":2,"minecraft:beef":8},"minecraft:killed_by":{"minecraft:player":2},"minecraft:picked_up":{"minecraft:rabbit_stew":1,"minecraft:leather":2,"minecraft:smithing_table":1,"minecraft:porkchop":12,"minecraft:mushroom_stew":1,"minecraft:dirt":1,"minecraft:netherite_ingot":8,"minecraft:rotten_flesh":1,"minecraft:diamond_chestplate":1,"tacz:modern_kinetic_gun":6,"minecraft:beef":8,"sophisticatedbackpacks:copper_backpack":3,"minecraft:black_wool":1,"minecraft:mutton":9,"minecraft:white_wool":4},"minecraft:crafted":{"minecraft:netherite_chestplate":1},"minecraft:mined":{"minecraft:grass":1,"minecraft:grass_block":1,"minecraft:dirt":2},"minecraft:used":{"minecraft:water_bucket":1,"minecraft:flint_and_steel":13,"minecraft:grass_block":1,"minecraft:netherite_chestplate":1,"tacz:gun_smith_table":1,"biomesoplenty:fir_leaves":1,"minecraft:rabbit_stew":1,"minecraft:dirt":1,"minecraft:mutton":4,"minecraft:porkchop":8,"minecraft:mushroom_stew":1,"minecraft:smithing_table":1,"biomesoplenty:fir_log":4},"minecraft:killed":{"minecraft:sheep":5,"minecraft:zombie":24,"minecraft:pig":5,"minecraft:cow":3}},"DataVersion":2975}