{"stats":{"minecraft:killed_by":{"minecraft:player":2},"minecraft:crafted":{"minecraft:netherite_chestplate":1},"minecraft:picked_up":{"minecraft:chicken":1,"minecraft:rabbit_stew":1,"minecraft:leather":2,"minecraft:smithing_table":1,"minecraft:mushroom_stew":1,"minecraft:shield":1,"minecraft:dirt":14,"minecraft:netherite_ingot":8,"minecraft:bow":1,"minecraft:wheat_seeds":1,"minecraft:beef":8,"minecraft:porkchop":12,"minecraft:sand":5,"minecraft:arrow":3,"minecraft:rotten_flesh":280,"minecraft:diamond_chestplate":1,"tacz:modern_kinetic_gun":16,"sophisticatedbackpacks:copper_backpack":3,"minecraft:netherite_chestplate":1,"minecraft:black_wool":1,"minecraft:mutton":11,"minecraft:white_wool":5},"minecraft:custom":{"minecraft:interact_with_smithing_table":1,"minecraft:interact_with_furnace":3,"minecraft:mob_kills":144,"minecraft:interact_with_crafting_table":2,"minecraft:leave_game":2,"minecraft:time_since_death":75920,"minecraft:damage_resisted":559503,"minecraft:time_since_rest":75964,"minecraft:walk_one_cm":160007,"minecraft:sprint_one_cm":173374,"minecraft:damage_taken":5225,"minecraft:damage_absorbed":1842,"minecraft:drop":18,"minecraft:damage_dealt":1259,"minecraft:talked_to_villager":7,"minecraft:damage_dealt_absorbed":60,"minecraft:swim_one_cm":40962,"minecraft:fly_one_cm":1262869,"minecraft:player_kills":1,"minecraft:open_chest":5,"minecraft:crouch_one_cm":10388,"minecraft:play_time":137404,"minecraft:deaths":5,"minecraft:sneak_time":3439,"minecraft:walk_under_water_one_cm":17971,"minecraft:jump":930,"minecraft:interact_with_blast_furnace":2,"minecraft:walk_on_water_one_cm":29686,"minecraft:total_world_time":137404,"minecraft:fall_one_cm":23706},"minecraft:dropped":{"minecraft:porkchop":4,"minecraft:netherite_helmet":1,"minecraft:netherite_chestplate":1,"minecraft:leather":2,"minecraft:ender_eye":64,"minecraft:netherite_leggings":1,"minecraft:shield":2,"minecraft:netherite_boots":1,"tacz:modern_kinetic_gun":5,"sophisticatedbackpacks:copper_backpack":1,"minecraft:arrow":1,"minecraft:bow":1,"minecraft:beef":8},"minecraft:killed":{"minecraft:pig":5,"minecraft:sheep":6,"minecraft:zombie":40,"minecraft:fox":1,"minecraft:villager":1,"minecraft:cow":3},"minecraft:mined":{"minecraft:grass_block":9,"minecraft:grass":2,"minecraft:dirt":7,"minecraft:sand":5,"minecraft:fern":3},"minecraft:used":{"minecraft:water_bucket":1,"minecraft:flint_and_steel":13,"another_furniture:light_gray_stool":1,"minecraft:netherite_chestplate":1,"tacz:gun_smith_table":1,"biomesoplenty:fir_leaves":16,"minecraft:stone":3,"minecraft:zombie_spawn_egg":27,"minecraft:dirt":13,"minecraft:sand":5,"minecraft:mutton":4,"minecraft:mushroom_stew":1,"minecraft:creeper_spawn_egg":8,"minecraft:command_block":5,"minecraft:grass_block":6,"minecraft:stone_brick_stairs":2,"minecraft:rabbit_stew":1,"minecraft:bow":1,"minecraft:porkchop":8,"minecraft:smithing_table":1,"another_furniture:service_bell":1,"minecraft:repeating_command_block":10,"biomesoplenty:fir_log":8}},"DataVersion":2975}