{"stats":{"minecraft:custom":{"minecraft:time_since_rest":734,"minecraft:deaths":1,"minecraft:play_time":17767,"minecraft:sprint_one_cm":71800,"minecraft:damage_taken":427,"minecraft:walk_one_cm":32196,"minecraft:sneak_time":4,"minecraft:walk_under_water_one_cm":147,"minecraft:mob_kills":8,"minecraft:drop":1,"minecraft:jump":266,"minecraft:damage_dealt":10,"minecraft:time_since_death":649,"minecraft:walk_on_water_one_cm":2193,"minecraft:total_world_time":17767,"minecraft:swim_one_cm":1836,"minecraft:talked_to_villager":3,"minecraft:fall_one_cm":3669,"minecraft:fly_one_cm":59074},"minecraft:dropped":{"tacz:modern_kinetic_gun":1},"minecraft:killed_by":{"minecraft:player":1},"minecraft:picked_up":{"minecraft:rabbit_stew":1,"tacz:modern_kinetic_gun":5,"minecraft:porkchop":8,"minecraft:mushroom_stew":1,"minecraft:black_wool":1,"minecraft:white_wool":4,"minecraft:mutton":9,"minecraft:dirt":1},"minecraft:mined":{"minecraft:grass_block":1,"minecraft:dirt":2},"minecraft:used":{"minecraft:dirt":1,"minecraft:mutton":4,"minecraft:porkchop":8},"minecraft:killed":{"minecraft:sheep":5,"minecraft:pig":3}},"DataVersion":2975}