{"stats":{"minecraft:custom":{"minecraft:time_since_rest":16116,"minecraft:interact_with_smithing_table":1,"minecraft:interact_with_furnace":3,"minecraft:sprint_one_cm":136295,"minecraft:damage_taken":3875,"minecraft:walk_one_cm":85194,"minecraft:mob_kills":45,"minecraft:drop":9,"minecraft:damage_dealt":57,"minecraft:damage_dealt_absorbed":60,"minecraft:talked_to_villager":6,"minecraft:swim_one_cm":8217,"minecraft:interact_with_crafting_table":2,"minecraft:fly_one_cm":937969,"minecraft:open_chest":5,"minecraft:crouch_one_cm":1119,"minecraft:play_time":77556,"minecraft:deaths":5,"minecraft:sneak_time":1998,"minecraft:walk_under_water_one_cm":5352,"minecraft:jump":720,"minecraft:interact_with_blast_furnace":2,"minecraft:leave_game":1,"minecraft:walk_on_water_one_cm":12680,"minecraft:time_since_death":16072,"minecraft:total_world_time":77556,"minecraft:damage_resisted":476175,"minecraft:fall_one_cm":8952},"minecraft:dropped":{"minecraft:porkchop":4,"minecraft:arrow":1,"minecraft:bow":1,"tacz:modern_kinetic_gun":2,"minecraft:leather":2,"sophisticatedbackpacks:copper_backpack":1,"minecraft:ender_eye":64,"minecraft:beef":8},"minecraft:killed_by":{"minecraft:player":2},"minecraft:picked_up":{"minecraft:rabbit_stew":1,"minecraft:leather":2,"minecraft:smithing_table":1,"minecraft:sand":5,"minecraft:porkchop":12,"minecraft:mushroom_stew":1,"minecraft:dirt":3,"minecraft:arrow":3,"minecraft:netherite_ingot":8,"minecraft:rotten_flesh":1,"minecraft:diamond_chestplate":1,"minecraft:bow":1,"tacz:modern_kinetic_gun":8,"minecraft:beef":8,"sophisticatedbackpacks:copper_backpack":3,"minecraft:black_wool":1,"minecraft:mutton":9,"minecraft:white_wool":4},"minecraft:crafted":{"minecraft:netherite_chestplate":1},"minecraft:mined":{"minecraft:grass":1,"minecraft:grass_block":3,"minecraft:sand":5,"minecraft:dirt":2},"minecraft:killed":{"minecraft:sheep":5,"minecraft:zombie":30,"minecraft:pig":5,"minecraft:cow":3},"minecraft:used":{"minecraft:creeper_spawn_egg":8,"minecraft:water_bucket":1,"minecraft:flint_and_steel":13,"minecraft:grass_block":5,"another_furniture:light_gray_stool":1,"minecraft:netherite_chestplate":1,"tacz:gun_smith_table":1,"biomesoplenty:fir_leaves":1,"minecraft:stone_brick_stairs":2,"minecraft:bow":1,"minecraft:rabbit_stew":1,"minecraft:sand":5,"minecraft:dirt":2,"minecraft:mutton":4,"minecraft:porkchop":8,"minecraft:mushroom_stew":1,"minecraft:smithing_table":1,"another_furniture:service_bell":1,"biomesoplenty:fir_log":8}},"DataVersion":2975}