{"stats":{"minecraft:custom":{"minecraft:time_since_rest":34116,"minecraft:interact_with_smithing_table":1,"minecraft:damage_absorbed":1842,"minecraft:interact_with_furnace":3,"minecraft:sprint_one_cm":151787,"minecraft:damage_taken":5035,"minecraft:walk_one_cm":114123,"minecraft:mob_kills":48,"minecraft:drop":15,"minecraft:damage_dealt":247,"minecraft:damage_dealt_absorbed":60,"minecraft:talked_to_villager":6,"minecraft:swim_one_cm":8217,"minecraft:interact_with_crafting_table":2,"minecraft:fly_one_cm":1027478,"minecraft:open_chest":5,"minecraft:crouch_one_cm":2172,"minecraft:play_time":95556,"minecraft:deaths":5,"minecraft:sneak_time":2274,"minecraft:walk_under_water_one_cm":5352,"minecraft:jump":815,"minecraft:interact_with_blast_furnace":2,"minecraft:leave_game":1,"minecraft:walk_on_water_one_cm":12694,"minecraft:time_since_death":34072,"minecraft:total_world_time":95556,"minecraft:damage_resisted":559503,"minecraft:fall_one_cm":21096},"minecraft:dropped":{"minecraft:shield":2,"minecraft:porkchop":4,"minecraft:netherite_boots":1,"minecraft:netherite_chestplate":1,"minecraft:netherite_helmet":1,"minecraft:arrow":1,"minecraft:bow":1,"tacz:modern_kinetic_gun":2,"minecraft:leather":2,"sophisticatedbackpacks:copper_backpack":1,"minecraft:ender_eye":64,"minecraft:beef":8,"minecraft:netherite_leggings":1},"minecraft:killed_by":{"minecraft:player":2},"minecraft:picked_up":{"minecraft:rabbit_stew":1,"minecraft:leather":2,"minecraft:smithing_table":1,"minecraft:sand":5,"minecraft:porkchop":12,"minecraft:mushroom_stew":1,"minecraft:shield":1,"minecraft:dirt":14,"minecraft:wheat_seeds":1,"minecraft:arrow":3,"minecraft:netherite_ingot":8,"minecraft:rotten_flesh":4,"minecraft:diamond_chestplate":1,"minecraft:bow":1,"tacz:modern_kinetic_gun":8,"minecraft:beef":8,"sophisticatedbackpacks:copper_backpack":3,"minecraft:black_wool":1,"minecraft:mutton":9,"minecraft:white_wool":4},"minecraft:crafted":{"minecraft:netherite_chestplate":1},"minecraft:mined":{"minecraft:grass":2,"minecraft:grass_block":9,"minecraft:sand":5,"minecraft:dirt":7,"minecraft:fern":3},"minecraft:killed":{"minecraft:sheep":5,"minecraft:zombie":32,"minecraft:pig":5,"minecraft:cow":3},"minecraft:used":{"minecraft:creeper_spawn_egg":8,"minecraft:water_bucket":1,"minecraft:flint_and_steel":13,"minecraft:grass_block":5,"another_furniture:light_gray_stool":1,"minecraft:netherite_chestplate":1,"tacz:gun_smith_table":1,"biomesoplenty:fir_leaves":1,"minecraft:stone_brick_stairs":2,"minecraft:bow":1,"minecraft:rabbit_stew":1,"minecraft:sand":5,"minecraft:dirt":13,"minecraft:mutton":4,"minecraft:porkchop":8,"minecraft:mushroom_stew":1,"minecraft:smithing_table":1,"another_furniture:service_bell":1,"biomesoplenty:fir_log":8}},"DataVersion":2975}