{"stats":{"minecraft:custom":{"minecraft:time_since_rest":4509,"minecraft:interact_with_smithing_table":1,"minecraft:interact_with_furnace":3,"minecraft:sprint_one_cm":79845,"minecraft:damage_taken":1272,"minecraft:walk_one_cm":40524,"minecraft:mob_kills":8,"minecraft:drop":2,"minecraft:damage_dealt":40,"minecraft:talked_to_villager":3,"minecraft:swim_one_cm":5365,"minecraft:interact_with_crafting_table":2,"minecraft:fly_one_cm":139858,"minecraft:crouch_one_cm":64,"minecraft:play_time":29556,"minecraft:deaths":3,"minecraft:sneak_time":91,"minecraft:walk_under_water_one_cm":896,"minecraft:jump":317,"minecraft:interact_with_blast_furnace":2,"minecraft:leave_game":1,"minecraft:walk_on_water_one_cm":2764,"minecraft:time_since_death":4465,"minecraft:total_world_time":29556,"minecraft:fall_one_cm":8743},"minecraft:dropped":{"tacz:modern_kinetic_gun":2},"minecraft:killed_by":{"minecraft:player":2},"minecraft:picked_up":{"minecraft:rabbit_stew":1,"minecraft:smithing_table":1,"minecraft:porkchop":8,"minecraft:mushroom_stew":1,"minecraft:dirt":1,"minecraft:netherite_ingot":8,"minecraft:diamond_chestplate":1,"tacz:modern_kinetic_gun":6,"minecraft:black_wool":1,"minecraft:mutton":9,"minecraft:white_wool":4},"minecraft:crafted":{"minecraft:netherite_chestplate":1},"minecraft:mined":{"minecraft:grass":1,"minecraft:grass_block":1,"minecraft:dirt":2},"minecraft:used":{"minecraft:netherite_chestplate":1,"minecraft:rabbit_stew":1,"minecraft:dirt":1,"minecraft:mutton":4,"minecraft:porkchop":8,"minecraft:mushroom_stew":1,"minecraft:smithing_table":1},"minecraft:killed":{"minecraft:sheep":5,"minecraft:pig":3}},"DataVersion":2975}