{"stats":{"minecraft:dropped":{"biomesoplenty:fir_log":2,"minecraft:wheat_seeds":1,"minecraft:smithing_table":1,"minecraft:netherite_chestplate":1,"minecraft:barrier":65,"minecraft:lantern":1,"minecraft:command_block":1,"minecraft:grass_block":1,"minecraft:mushroom_stew":1,"biomesoplenty:fir_sapling":2,"biomesoplenty:black_sandstone_slab":1,"minecraft:spruce_fence_gate":1,"minecraft:dirt":1,"minecraft:dark_oak_trapdoor":1,"tacz:modern_kinetic_gun":23,"minecraft:netherite_ingot":16,"minecraft:dirt_path":1,"minecraft:spruce_fence":1,"minecraft:diamond_chestplate":1,"minecraft:spruce_planks":1,"minecraft:rabbit_stew":1,"sophisticatedbackpacks:copper_backpack":1,"minecraft:arrow":2,"minecraft:bow":1},"minecraft:broken":{"minecraft:netherite_helmet":1,"minecraft:shield":1,"minecraft:netherite_leggings":1,"minecraft:netherite_boots":1},"minecraft:custom":{"minecraft:interact_with_smithing_table":10,"minecraft:mob_kills":338,"minecraft:interact_with_crafting_table":2,"minecraft:open_barrel":1,"minecraft:interact_with_campfire":5,"minecraft:leave_game":55,"minecraft:time_since_death":77198,"minecraft:climb_one_cm":3894,"minecraft:sprint_one_cm":1314162,"minecraft:walk_one_cm":2263696,"minecraft:damage_blocked_by_shield":7690,"minecraft:drop":51,"minecraft:damage_dealt_absorbed":1842,"minecraft:talked_to_villager":122,"minecraft:play_time":2888549,"minecraft:deaths":13,"minecraft:sneak_time":51704,"minecraft:walk_under_water_one_cm":1132519,"minecraft:jump":8859,"minecraft:interact_with_blast_furnace":2,"minecraft:walk_on_water_one_cm":233959,"minecraft:total_world_time":2888755,"minecraft:interact_with_furnace":3,"minecraft:traded_with_villager":74,"minecraft:interact_with_grindstone":5,"minecraft:time_since_rest":77319,"minecraft:damage_taken":45117,"minecraft:damage_dealt":9915,"minecraft:swim_one_cm":82695,"minecraft:fly_one_cm":4837984,"minecraft:player_kills":2,"minecraft:open_chest":19,"minecraft:crouch_one_cm":32050,"minecraft:aviate_one_cm":2316064,"minecraft:interact_with_smoker":2,"minecraft:fall_one_cm":38371},"minecraft:mined":{"minecraft:grass_block":3,"biomesoplenty:fir_log":1,"minecraft:grass":1,"minecraft:dirt":8},"minecraft:crafted":{"minecraft:oak_planks":64,"minecraft:spruce_log":16,"minecraft:birch_log":16,"minecraft:iron_axe":4,"minecraft:jungle_log":16,"minecraft:dark_oak_planks":64,"minecraft:spruce_planks":128,"minecraft:acacia_log":16,"minecraft:birch_planks":64,"minecraft:air":0,"minecraft:jungle_planks":64,"minecraft:blaze_rod":32,"minecraft:oak_log":16,"minecraft:gunpowder":128,"minecraft:dark_oak_log":16,"minecraft:acacia_planks":64},"minecraft:killed_by":{"minecraft:player":1},"minecraft:picked_up":{"sereneseasons:calendar":1,"minecraft:wheat":40,"minecraft:azure_bluet":5,"minecraft:chicken":2,"minecraft:shield":1,"minecraft:cornflower":1,"minecraft:dark_oak_trapdoor":6,"minecraft:elytra":5,"minecraft:iron_axe":2,"minecraft:item_frame":1,"minecraft:netherite_ingot":8,"minecraft:blue_orchid":2,"minecraft:netherite_sword":2,"minecraft:spruce_planks":1,"minecraft:beef":18,"minecraft:redstone_torch":1,"tacz:target":7,"minecraft:iron_pickaxe":2,"minecraft:spruce_slab":4,"biomesoplenty:wildflower":1,"minecraft:spruce_trapdoor":5,"minecraft:torch":5,"minecraft:spruce_fence":3,"minecraft:porkchop":4,"minecraft:carrot":2,"minecraft:dirt_path":1,"minecraft:redstone":3,"minecraft:command_block":5,"minecraft:arrow":1,"minecraft:rotten_flesh":198,"minecraft:red_tulip":2,"biomesoplenty:rose":1,"sophisticatedbackpacks:copper_backpack":1,"minecraft:netherite_chestplate":1,"minecraft:mutton":3,"minecraft:white_wool":3,"biomesoplenty:lavender":1,"minecraft:netherite_boots":1,"minecraft:barrier":64,"minecraft:feather":3,"minecraft:dark_oak_button":23,"minecraft:water_bucket":5,"biomesoplenty:black_sandstone_slab":1,"minecraft:leather":6,"sereneseasons:season_sensor":1,"biomesoplenty:fir_sapling":6,"minecraft:potato":90,"biomesoplenty:fir_log":8,"minecraft:gunpowder":61,"minecraft:netherite_leggings":1,"minecraft:dirt":34,"minecraft:blue_bed":4,"minecraft:paper":5,"minecraft:lantern":19,"minecraft:bone":1,"minecraft:bow":1,"minecraft:wheat_seeds":117,"minecraft:bell":1,"minecraft:iron_ingot":40,"minecraft:mossy_stone_brick_wall":5,"minecraft:tropical_fish_bucket":2,"minecraft:cooked_porkchop":5,"minecraft:sand":141,"minecraft:spruce_sapling":12,"minecraft:grass_block":2,"minecraft:spruce_log":7,"minecraft:spruce_door":3,"minecraft:spruce_fence_gate":5,"minecraft:pumpkin_seeds":7,"minecraft:netherite_helmet":1,"tacz:modern_kinetic_gun":11,"minecraft:lever":1,"minecraft:birch_sign":1,"minecraft:emerald":3,"minecraft:bread":6,"minecraft:coal":56,"minecraft:wooden_axe":5},"minecraft:killed":{"minecraft:skeleton":1,"minecraft:chicken":2,"minecraft:drowned":1,"minecraft:sheep":3,"minecraft:zombie":224,"minecraft:villager":50,"minecraft:cow":5},"minecraft:used":{"minecraft:moss_carpet":1,"minecraft:nether_brick_fence":21,"minecraft:netherite_sword":128,"minecraft:iron_bars":24,"minecraft:flint_and_steel":11,"minecraft:spruce_slab":37,"another_furniture:black_tall_stool":1,"minecraft:elytra":2,"minecraft:spruce_planks":808,"minecraft:shield":1,"tacz:gun_smith_table":3,"minecraft:chest":3,"another_furniture:oak_planter_box":1,"another_furniture:dark_oak_table":2,"minecraft:stone":710,"minecraft:zombie_spawn_egg":24,"minecraft:wooden_shovel":722,"minecraft:deepslate_gold_ore":5,"minecraft:bell":1,"minecraft:farmland":91,"minecraft:cooked_chicken":1,"minecraft:grass":25,"minecraft:mossy_stone_brick_slab":25,"minecraft:spruce_leaves":4,"minecraft:torch":8,"biomesoplenty:stripped_cherry_log":1,"minecraft:dirt":737,"minecraft:ancient_debris":7,"minecraft:lily_of_the_valley":6,"minecraft:nether_quartz_ore":8,"biomesoplenty:redwood_fence":16,"another_furniture:brown_stool":2,"minecraft:spruce_stairs":80,"minecraft:cobblestone_wall":9,"minecraft:deepslate_brick_slab":159,"minecraft:cracked_deepslate_tiles":35,"tacz:target_minecart":13,"minecraft:granite":1,"minecraft:spruce_fence":76,"minecraft:azure_bluet":9,"biomesoplenty:redwood_log":19,"biomesoplenty:black_sandstone":101,"minecraft:dark_oak_planks":9,"minecraft:wooden_axe":2,"minecraft:stone_brick_slab":22,"minecraft:sea_lantern":1,"minecraft:chipped_anvil":3,"minecraft:stripped_dark_oak_wood":33,"minecraft:red_tulip":5,"minecraft:villager_spawn_egg":132,"minecraft:iron_axe":1,"another_furniture:spruce_shelf":16,"minecraft:deepslate_copper_ore":3,"minecraft:lantern":144,"biomesoplenty:fir_sapling":6,"minecraft:grass_block":762,"minecraft:dark_oak_button":4,"another_furniture:spruce_planter_box":16,"minecraft:barrel":19,"minecraft:stone_brick_stairs":15,"minecraft:stone_bricks":446,"minecraft:item_frame":1,"minecraft:rabbit_stew":1,"minecraft:deepslate_diamond_ore":9,"another_furniture:spruce_bench":54,"minecraft:snow":7,"minecraft:bow":1,"minecraft:beef":2,"minecraft:hay_block":3,"minecraft:furnace":1,"another_furniture:service_bell":1,"minecraft:gold_block":2,"another_furniture:brown_curtain":54,"minecraft:potato":22,"another_furniture:spruce_chair":23,"minecraft:pumpkin":4,"biomesoplenty:redwood_slab":19,"minecraft:mossy_stone_brick_wall":125,"minecraft:deepslate_emerald_ore":11,"minecraft:deepslate_brick_wall":48,"minecraft:wheat_seeds":48,"minecraft:water_bucket":75,"minecraft:mossy_stone_bricks":268,"minecraft:cow_spawn_egg":5,"minecraft:spruce_door":10,"minecraft:dirt_path":97,"minecraft:powered_rail":24,"biomesoplenty:stripped_fir_wood":6,"minecraft:redstone_block":1,"biomesoplenty:fir_leaves":2679,"minecraft:mossy_stone_brick_stairs":17,"biomesoplenty:fir_planks":104,"minecraft:composter":2,"minecraft:blue_bed":4,"minecraft:spruce_fence_gate":56,"minecraft:deepslate_bricks":156,"minecraft:cracked_stone_bricks":9,"minecraft:glow_item_frame":1,"minecraft:dark_oak_trapdoor":28,"minecraft:mossy_cobblestone":23,"minecraft:sand":117,"minecraft:rail":17,"another_furniture:spruce_shutter":8,"minecraft:vine":23,"minecraft:tnt":3,"minecraft:crafting_table":1,"minecraft:blast_furnace":7,"another_furniture:brown_tall_stool":1,"minecraft:birch_sign":3,"biomesoplenty:black_sandstone_slab":67,"minecraft:campfire":30,"minecraft:dark_oak_fence_gate":9,"minecraft:stone_brick_wall":264,"minecraft:lingering_potion":13,"minecraft:end_stone":10,"minecraft:deepslate_lapis_ore":6,"tacz:target":27,"minecraft:spruce_log":196,"minecraft:smoker":4,"minecraft:deepslate_brick_stairs":212,"minecraft:pumpkin_seeds":9,"minecraft:nether_gold_ore":8,"biomesoplenty:black_sandstone_wall":255,"minecraft:deepslate_tiles":61,"minecraft:redstone_torch":15,"minecraft:wooden_hoe":4,"minecraft:lever":6,"minecraft:ender_eye":9,"minecraft:cornflower":3,"minecraft:oxeye_daisy":1,"minecraft:firework_rocket":243,"biomesoplenty:smooth_black_sandstone_slab":1,"minecraft:command_block":61,"minecraft:zombie_head":3,"minecraft:deepslate_iron_ore":1,"minecraft:netherite_axe":17,"minecraft:barrier":174,"minecraft:oak_button":1,"minecraft:pig_spawn_egg":4,"minecraft:detector_rail":2,"minecraft:cracked_nether_bricks":2,"biomesoplenty:black_sandstone_stairs":85,"minecraft:spruce_trapdoor":55,"minecraft:deepslate":66,"minecraft:gravel":119,"biomesoplenty:stripped_fir_log":170,"minecraft:flowering_azalea_leaves":77,"biomesoplenty:stripped_cherry_wood":1,"minecraft:purple_bed":1,"biomesoplenty:fir_door":2,"minecraft:cobblestone":188,"minecraft:porkchop":2,"minecraft:dark_oak_fence":64,"minecraft:grindstone":2,"minecraft:smithing_table":4,"minecraft:andesite":27,"minecraft:sea_pickle":35,"minecraft:repeating_command_block":45,"minecraft:glass_pane":11,"minecraft:end_portal_frame":1,"minecraft:ice":30,"sereneseasons:season_sensor":4,"biomesoplenty:redwood_stairs":21,"biomesoplenty:fir_log":691,"another_furniture:spruce_table":6,"minecraft:splash_potion":330,"minecraft:candle":34,"minecraft:bone_meal":221}},"DataVersion":2975}