{"stats":{"minecraft:custom":{"minecraft:mob_kills":7,"minecraft:interact_with_campfire":5,"minecraft:time_since_death":767782,"minecraft:leave_game":17,"minecraft:climb_one_cm":1450,"minecraft:sprint_one_cm":522970,"minecraft:walk_one_cm":1132054,"minecraft:drop":8,"minecraft:play_time":945835,"minecraft:deaths":5,"minecraft:sneak_time":30285,"minecraft:walk_under_water_one_cm":1025019,"minecraft:jump":2326,"minecraft:walk_on_water_one_cm":141250,"minecraft:total_world_time":946041,"minecraft:time_since_rest":767820,"minecraft:damage_taken":195,"minecraft:damage_dealt":163,"minecraft:swim_one_cm":51416,"minecraft:fly_one_cm":1481570,"minecraft:open_chest":12,"minecraft:crouch_one_cm":11022,"minecraft:aviate_one_cm":2316064,"minecraft:fall_one_cm":2623},"minecraft:picked_up":{"minecraft:wooden_axe":5,"sereneseasons:calendar":1,"minecraft:wheat":5,"minecraft:azure_bluet":4,"minecraft:cornflower":1,"minecraft:dark_oak_trapdoor":5,"minecraft:elytra":5,"minecraft:item_frame":1,"minecraft:blue_orchid":2,"minecraft:beef":7,"minecraft:redstone_torch":1,"tacz:target":7,"minecraft:spruce_slab":4,"minecraft:spruce_trapdoor":5,"minecraft:torch":5,"minecraft:spruce_fence":2,"minecraft:dirt_path":1,"minecraft:red_tulip":2,"minecraft:mutton":3,"minecraft:white_wool":3,"minecraft:barrier":64,"minecraft:dark_oak_button":23,"minecraft:water_bucket":5,"minecraft:leather":3,"sereneseasons:season_sensor":1,"minecraft:potato":34,"biomesoplenty:fir_sapling":2,"biomesoplenty:fir_log":2,"minecraft:blue_bed":4,"minecraft:paper":5,"minecraft:lantern":12,"minecraft:wheat_seeds":33,"minecraft:bell":1,"minecraft:mossy_stone_brick_wall":5,"minecraft:cooked_porkchop":5,"minecraft:sand":122,"minecraft:spruce_sapling":12,"minecraft:spruce_log":7,"minecraft:spruce_fence_gate":4,"minecraft:pumpkin_seeds":2,"tacz:modern_kinetic_gun":2,"minecraft:emerald":3,"minecraft:bread":6},"minecraft:used":{"minecraft:moss_carpet":1,"minecraft:nether_brick_fence":21,"minecraft:iron_bars":2,"minecraft:spruce_slab":17,"minecraft:elytra":2,"minecraft:spruce_planks":744,"minecraft:chest":3,"minecraft:stone":689,"minecraft:zombie_spawn_egg":10,"minecraft:grass":24,"minecraft:deepslate_gold_ore":5,"minecraft:wooden_shovel":641,"minecraft:bell":1,"minecraft:mossy_stone_brick_slab":22,"minecraft:spruce_leaves":4,"minecraft:torch":1,"biomesoplenty:stripped_cherry_log":1,"minecraft:dirt":377,"minecraft:ancient_debris":7,"minecraft:lily_of_the_valley":6,"minecraft:nether_quartz_ore":8,"biomesoplenty:redwood_fence":16,"minecraft:spruce_stairs":20,"another_furniture:brown_stool":2,"minecraft:cobblestone_wall":2,"minecraft:cracked_deepslate_tiles":34,"minecraft:deepslate_brick_slab":154,"tacz:target_minecart":9,"minecraft:granite":1,"minecraft:spruce_fence":36,"minecraft:azure_bluet":8,"biomesoplenty:redwood_log":19,"biomesoplenty:black_sandstone":71,"minecraft:stone_brick_slab":18,"minecraft:wooden_axe":2,"minecraft:chipped_anvil":3,"minecraft:stripped_dark_oak_wood":33,"minecraft:red_tulip":5,"minecraft:villager_spawn_egg":48,"minecraft:grass_block":654,"minecraft:lantern":87,"minecraft:deepslate_copper_ore":3,"another_furniture:spruce_planter_box":11,"minecraft:dark_oak_button":4,"minecraft:stone_brick_stairs":13,"minecraft:barrel":12,"minecraft:stone_bricks":15,"minecraft:item_frame":1,"another_furniture:spruce_bench":29,"minecraft:deepslate_diamond_ore":9,"minecraft:beef":2,"minecraft:hay_block":3,"another_furniture:service_bell":1,"minecraft:gold_block":2,"minecraft:potato":3,"another_furniture:spruce_chair":21,"biomesoplenty:redwood_slab":19,"minecraft:mossy_stone_brick_wall":114,"minecraft:deepslate_emerald_ore":11,"minecraft:deepslate_brick_wall":48,"minecraft:wheat_seeds":2,"minecraft:water_bucket":51,"minecraft:mossy_stone_bricks":18,"minecraft:cow_spawn_egg":2,"minecraft:dirt_path":59,"minecraft:powered_rail":24,"biomesoplenty:stripped_fir_wood":6,"minecraft:mossy_stone_brick_stairs":16,"minecraft:redstone_block":1,"biomesoplenty:fir_planks":104,"minecraft:composter":1,"minecraft:blue_bed":3,"minecraft:spruce_fence_gate":40,"minecraft:deepslate_bricks":149,"minecraft:cracked_stone_bricks":6,"minecraft:glow_item_frame":1,"minecraft:dark_oak_trapdoor":20,"minecraft:sand":58,"minecraft:rail":17,"minecraft:vine":23,"another_furniture:brown_tall_stool":1,"biomesoplenty:black_sandstone_slab":35,"minecraft:blast_furnace":6,"minecraft:campfire":30,"minecraft:dark_oak_fence_gate":9,"minecraft:stone_brick_wall":264,"minecraft:deepslate_lapis_ore":6,"minecraft:smoker":2,"tacz:target":27,"minecraft:pumpkin_seeds":2,"minecraft:deepslate_brick_stairs":209,"minecraft:nether_gold_ore":8,"minecraft:redstone_torch":15,"minecraft:deepslate_tiles":61,"biomesoplenty:black_sandstone_wall":211,"minecraft:wooden_hoe":4,"minecraft:cornflower":3,"minecraft:firework_rocket":243,"minecraft:oxeye_daisy":1,"biomesoplenty:smooth_black_sandstone_slab":1,"minecraft:command_block":2,"minecraft:zombie_head":3,"minecraft:deepslate_iron_ore":1,"minecraft:barrier":107,"minecraft:pig_spawn_egg":2,"minecraft:detector_rail":2,"minecraft:cracked_nether_bricks":2,"biomesoplenty:black_sandstone_stairs":42,"minecraft:spruce_trapdoor":15,"biomesoplenty:stripped_fir_log":170,"minecraft:gravel":115,"minecraft:flowering_azalea_leaves":77,"biomesoplenty:stripped_cherry_wood":1,"biomesoplenty:fir_door":2,"minecraft:porkchop":2,"minecraft:grindstone":2,"minecraft:smithing_table":4,"minecraft:andesite":27,"minecraft:glass_pane":1,"sereneseasons:season_sensor":4,"biomesoplenty:redwood_stairs":21,"biomesoplenty:fir_log":489,"minecraft:splash_potion":5},"minecraft:dropped":{"minecraft:barrier":64,"biomesoplenty:fir_sapling":2,"tacz:modern_kinetic_gun":2,"minecraft:dirt_path":1,"biomesoplenty:fir_log":2},"minecraft:killed":{"minecraft:sheep":3,"minecraft:cow":4}},"DataVersion":2975}