{"stats":{"minecraft:custom":{"minecraft:interact_with_smithing_table":3,"minecraft:mob_kills":176,"minecraft:interact_with_crafting_table":2,"minecraft:interact_with_campfire":5,"minecraft:leave_game":34,"minecraft:time_since_death":233991,"minecraft:climb_one_cm":1765,"minecraft:sprint_one_cm":741271,"minecraft:walk_one_cm":1483384,"minecraft:drop":17,"minecraft:talked_to_villager":55,"minecraft:play_time":1914769,"minecraft:deaths":7,"minecraft:sneak_time":36602,"minecraft:walk_under_water_one_cm":1080874,"minecraft:jump":3699,"minecraft:walk_on_water_one_cm":154102,"minecraft:total_world_time":1914975,"minecraft:traded_with_villager":74,"minecraft:interact_with_grindstone":5,"minecraft:time_since_rest":114406,"minecraft:damage_taken":195,"minecraft:damage_dealt":8160,"minecraft:swim_one_cm":51585,"minecraft:fly_one_cm":2120460,"minecraft:open_chest":13,"minecraft:crouch_one_cm":17149,"minecraft:aviate_one_cm":2316064,"minecraft:interact_with_smoker":1,"minecraft:fall_one_cm":2623},"minecraft:dropped":{"biomesoplenty:fir_log":2,"minecraft:barrier":64,"minecraft:lantern":1,"minecraft:command_block":1,"biomesoplenty:fir_sapling":2,"minecraft:spruce_fence_gate":1,"minecraft:dark_oak_trapdoor":1,"tacz:modern_kinetic_gun":5,"minecraft:dirt_path":1,"minecraft:spruce_fence":1,"minecraft:spruce_planks":1},"minecraft:used":{"minecraft:moss_carpet":1,"minecraft:nether_brick_fence":21,"minecraft:netherite_sword":104,"minecraft:iron_bars":24,"minecraft:flint_and_steel":2,"minecraft:spruce_slab":17,"minecraft:elytra":2,"tacz:gun_smith_table":3,"minecraft:spruce_planks":757,"minecraft:chest":3,"minecraft:stone":689,"minecraft:zombie_spawn_egg":10,"minecraft:wooden_shovel":641,"minecraft:deepslate_gold_ore":5,"minecraft:grass":24,"minecraft:bell":1,"minecraft:mossy_stone_brick_slab":25,"minecraft:spruce_leaves":4,"minecraft:torch":1,"biomesoplenty:stripped_cherry_log":1,"minecraft:dirt":600,"minecraft:ancient_debris":7,"minecraft:lily_of_the_valley":6,"minecraft:nether_quartz_ore":8,"biomesoplenty:redwood_fence":16,"another_furniture:brown_stool":2,"minecraft:spruce_stairs":67,"minecraft:cobblestone_wall":2,"minecraft:deepslate_brick_slab":159,"minecraft:cracked_deepslate_tiles":35,"tacz:target_minecart":9,"minecraft:spruce_fence":76,"minecraft:granite":1,"minecraft:azure_bluet":9,"biomesoplenty:redwood_log":19,"biomesoplenty:black_sandstone":79,"minecraft:dark_oak_planks":9,"minecraft:stone_brick_slab":22,"minecraft:wooden_axe":2,"minecraft:sea_lantern":1,"minecraft:chipped_anvil":3,"minecraft:stripped_dark_oak_wood":33,"minecraft:red_tulip":5,"minecraft:villager_spawn_egg":130,"minecraft:iron_axe":1,"minecraft:deepslate_copper_ore":3,"minecraft:lantern":132,"minecraft:grass_block":665,"another_furniture:spruce_planter_box":16,"minecraft:dark_oak_button":4,"minecraft:barrel":12,"minecraft:stone_brick_stairs":15,"minecraft:stone_bricks":15,"minecraft:item_frame":1,"minecraft:deepslate_diamond_ore":9,"another_furniture:spruce_bench":54,"minecraft:snow":7,"minecraft:beef":2,"minecraft:hay_block":3,"another_furniture:service_bell":1,"minecraft:gold_block":2,"minecraft:potato":3,"another_furniture:spruce_chair":21,"biomesoplenty:redwood_slab":19,"minecraft:mossy_stone_brick_wall":124,"minecraft:deepslate_emerald_ore":11,"minecraft:deepslate_brick_wall":48,"minecraft:wheat_seeds":2,"minecraft:water_bucket":62,"minecraft:mossy_stone_bricks":18,"minecraft:cow_spawn_egg":5,"minecraft:dirt_path":78,"minecraft:powered_rail":24,"biomesoplenty:stripped_fir_wood":6,"biomesoplenty:fir_leaves":7,"minecraft:mossy_stone_brick_stairs":17,"minecraft:redstone_block":1,"biomesoplenty:fir_planks":104,"minecraft:composter":1,"minecraft:blue_bed":3,"minecraft:spruce_fence_gate":56,"minecraft:deepslate_bricks":156,"minecraft:cracked_stone_bricks":6,"minecraft:glow_item_frame":1,"minecraft:dark_oak_trapdoor":28,"minecraft:sand":90,"minecraft:rail":17,"minecraft:vine":23,"minecraft:birch_sign":2,"another_furniture:brown_tall_stool":1,"minecraft:blast_furnace":6,"biomesoplenty:black_sandstone_slab":35,"minecraft:campfire":30,"minecraft:dark_oak_fence_gate":9,"minecraft:stone_brick_wall":264,"minecraft:spruce_log":3,"minecraft:deepslate_lapis_ore":6,"tacz:target":27,"minecraft:smoker":2,"minecraft:deepslate_brick_stairs":212,"minecraft:pumpkin_seeds":2,"minecraft:nether_gold_ore":8,"minecraft:redstone_torch":15,"minecraft:deepslate_tiles":61,"biomesoplenty:black_sandstone_wall":216,"minecraft:lever":6,"minecraft:wooden_hoe":4,"minecraft:cornflower":3,"minecraft:oxeye_daisy":1,"minecraft:firework_rocket":243,"biomesoplenty:smooth_black_sandstone_slab":1,"minecraft:command_block":46,"minecraft:zombie_head":3,"minecraft:deepslate_iron_ore":1,"minecraft:oak_button":1,"minecraft:barrier":148,"minecraft:pig_spawn_egg":4,"minecraft:netherite_axe":13,"minecraft:detector_rail":2,"minecraft:cracked_nether_bricks":2,"biomesoplenty:black_sandstone_stairs":42,"minecraft:spruce_trapdoor":36,"minecraft:deepslate":66,"biomesoplenty:stripped_fir_log":170,"minecraft:gravel":115,"minecraft:flowering_azalea_leaves":77,"biomesoplenty:stripped_cherry_wood":1,"biomesoplenty:fir_door":2,"minecraft:porkchop":2,"minecraft:grindstone":2,"minecraft:smithing_table":4,"minecraft:andesite":27,"minecraft:repeating_command_block":15,"minecraft:glass_pane":1,"minecraft:sea_pickle":35,"minecraft:ice":30,"sereneseasons:season_sensor":4,"biomesoplenty:redwood_stairs":21,"biomesoplenty:fir_log":516,"minecraft:splash_potion":5,"minecraft:candle":8},"minecraft:killed":{"minecraft:skeleton":1,"minecraft:drowned":1,"minecraft:sheep":3,"minecraft:zombie":124,"minecraft:villager":42,"minecraft:cow":4},"minecraft:picked_up":{"sereneseasons:calendar":1,"minecraft:wheat":7,"minecraft:azure_bluet":5,"minecraft:cornflower":1,"minecraft:elytra":5,"minecraft:dark_oak_trapdoor":6,"minecraft:iron_axe":2,"minecraft:item_frame":1,"minecraft:blue_orchid":2,"minecraft:netherite_sword":2,"minecraft:spruce_planks":1,"minecraft:beef":7,"minecraft:redstone_torch":1,"tacz:target":7,"minecraft:iron_pickaxe":2,"minecraft:spruce_slab":4,"biomesoplenty:wildflower":1,"minecraft:spruce_trapdoor":5,"minecraft:torch":5,"minecraft:spruce_fence":3,"minecraft:dirt_path":1,"minecraft:carrot":2,"minecraft:command_block":5,"minecraft:arrow":1,"minecraft:rotten_flesh":101,"minecraft:red_tulip":2,"biomesoplenty:rose":1,"minecraft:mutton":3,"minecraft:white_wool":3,"biomesoplenty:lavender":1,"minecraft:barrier":64,"minecraft:dark_oak_button":23,"minecraft:water_bucket":5,"minecraft:leather":3,"sereneseasons:season_sensor":1,"minecraft:potato":40,"biomesoplenty:fir_sapling":2,"biomesoplenty:fir_log":3,"minecraft:blue_bed":4,"minecraft:dirt":2,"minecraft:paper":5,"minecraft:lantern":19,"minecraft:bone":1,"minecraft:wheat_seeds":35,"minecraft:bell":1,"minecraft:iron_ingot":40,"minecraft:mossy_stone_brick_wall":5,"minecraft:tropical_fish_bucket":2,"minecraft:cooked_porkchop":5,"minecraft:sand":122,"minecraft:spruce_sapling":12,"minecraft:spruce_log":7,"minecraft:grass_block":2,"minecraft:spruce_fence_gate":5,"minecraft:pumpkin_seeds":2,"tacz:modern_kinetic_gun":5,"minecraft:birch_sign":1,"minecraft:bread":6,"minecraft:emerald":3,"minecraft:wooden_axe":5},"minecraft:mined":{"biomesoplenty:fir_log":1},"minecraft:crafted":{"minecraft:oak_planks":64,"minecraft:spruce_log":16,"minecraft:birch_log":16,"minecraft:iron_axe":4,"minecraft:jungle_log":16,"minecraft:dark_oak_planks":64,"minecraft:spruce_planks":128,"minecraft:acacia_log":16,"minecraft:birch_planks":64,"minecraft:air":0,"minecraft:jungle_planks":64,"minecraft:blaze_rod":32,"minecraft:oak_log":16,"minecraft:gunpowder":128,"minecraft:dark_oak_log":16,"minecraft:acacia_planks":64}},"DataVersion":2975}