{"stats":{"minecraft:custom":{"minecraft:mob_kills":7,"minecraft:interact_with_campfire":5,"minecraft:leave_game":16,"minecraft:time_since_death":671137,"minecraft:climb_one_cm":1450,"minecraft:time_since_rest":671175,"minecraft:sprint_one_cm":425922,"minecraft:damage_taken":195,"minecraft:walk_one_cm":935076,"minecraft:drop":6,"minecraft:damage_dealt":163,"minecraft:swim_one_cm":51416,"minecraft:fly_one_cm":1370918,"minecraft:open_chest":12,"minecraft:crouch_one_cm":10096,"minecraft:deaths":5,"minecraft:play_time":849190,"minecraft:sneak_time":29153,"minecraft:walk_under_water_one_cm":1025019,"minecraft:aviate_one_cm":2315910,"minecraft:jump":2106,"minecraft:walk_on_water_one_cm":140742,"minecraft:total_world_time":849396,"minecraft:fall_one_cm":2623},"minecraft:picked_up":{"minecraft:wooden_axe":5,"sereneseasons:calendar":1,"minecraft:wheat":5,"minecraft:dark_oak_button":23,"minecraft:water_bucket":5,"minecraft:leather":3,"sereneseasons:season_sensor":1,"minecraft:potato":34,"biomesoplenty:fir_log":2,"biomesoplenty:fir_sapling":2,"minecraft:elytra":5,"minecraft:paper":5,"minecraft:blue_bed":4,"minecraft:dark_oak_trapdoor":5,"minecraft:lantern":9,"minecraft:item_frame":1,"minecraft:wheat_seeds":33,"minecraft:bell":1,"minecraft:beef":7,"minecraft:redstone_torch":1,"tacz:target":7,"minecraft:spruce_slab":4,"minecraft:mossy_stone_brick_wall":5,"minecraft:spruce_trapdoor":5,"minecraft:cooked_porkchop":5,"minecraft:torch":5,"minecraft:spruce_fence":2,"minecraft:sand":122,"minecraft:spruce_sapling":12,"minecraft:spruce_log":7,"minecraft:spruce_fence_gate":4,"minecraft:pumpkin_seeds":2,"tacz:modern_kinetic_gun":2,"minecraft:bread":6,"minecraft:emerald":3,"minecraft:mutton":3,"minecraft:white_wool":3},"minecraft:used":{"minecraft:deepslate_brick_wall":18,"minecraft:wheat_seeds":2,"minecraft:moss_carpet":1,"minecraft:water_bucket":51,"minecraft:iron_bars":2,"minecraft:cow_spawn_egg":2,"minecraft:dirt_path":28,"minecraft:spruce_slab":17,"minecraft:powered_rail":24,"minecraft:elytra":2,"biomesoplenty:stripped_fir_wood":6,"minecraft:chest":3,"minecraft:spruce_planks":744,"minecraft:mossy_stone_brick_stairs":16,"minecraft:composter":1,"minecraft:stone":689,"biomesoplenty:fir_planks":104,"minecraft:zombie_spawn_egg":10,"minecraft:redstone_block":1,"minecraft:wooden_shovel":430,"minecraft:blue_bed":3,"minecraft:bell":1,"minecraft:spruce_fence_gate":40,"minecraft:grass":24,"minecraft:mossy_stone_brick_slab":22,"minecraft:deepslate_bricks":62,"minecraft:spruce_leaves":4,"minecraft:torch":1,"biomesoplenty:stripped_cherry_log":1,"minecraft:dark_oak_trapdoor":20,"minecraft:dirt":377,"minecraft:sand":58,"minecraft:rail":17,"minecraft:lily_of_the_valley":6,"minecraft:vine":23,"another_furniture:brown_stool":2,"biomesoplenty:redwood_fence":16,"another_furniture:brown_tall_stool":1,"minecraft:spruce_stairs":20,"biomesoplenty:black_sandstone_slab":35,"minecraft:cobblestone_wall":2,"minecraft:deepslate_brick_slab":24,"minecraft:campfire":25,"tacz:target_minecart":9,"minecraft:dark_oak_fence_gate":9,"minecraft:stone_brick_wall":264,"minecraft:spruce_fence":36,"minecraft:granite":1,"minecraft:deepslate_brick_stairs":20,"minecraft:azure_bluet":7,"tacz:target":27,"minecraft:pumpkin_seeds":2,"biomesoplenty:redwood_log":19,"biomesoplenty:black_sandstone":62,"minecraft:redstone_torch":15,"biomesoplenty:black_sandstone_wall":204,"minecraft:stone_brick_slab":18,"minecraft:wooden_axe":2,"minecraft:wooden_hoe":4,"minecraft:cornflower":3,"minecraft:oxeye_daisy":1,"minecraft:firework_rocket":243,"minecraft:stripped_dark_oak_wood":33,"minecraft:red_tulip":5,"minecraft:villager_spawn_egg":28,"biomesoplenty:smooth_black_sandstone_slab":1,"minecraft:lantern":72,"minecraft:grass_block":617,"minecraft:pig_spawn_egg":2,"minecraft:detector_rail":2,"biomesoplenty:black_sandstone_stairs":42,"minecraft:spruce_trapdoor":15,"minecraft:dark_oak_button":4,"minecraft:gravel":66,"biomesoplenty:stripped_fir_log":170,"minecraft:flowering_azalea_leaves":77,"minecraft:stone_brick_stairs":13,"biomesoplenty:stripped_cherry_wood":1,"minecraft:item_frame":1,"another_furniture:spruce_bench":19,"biomesoplenty:fir_door":2,"minecraft:beef":2,"minecraft:hay_block":1,"minecraft:porkchop":2,"minecraft:andesite":27,"minecraft:glass_pane":1,"minecraft:gold_block":2,"sereneseasons:season_sensor":4,"biomesoplenty:redwood_stairs":21,"minecraft:potato":3,"biomesoplenty:fir_log":489,"another_furniture:spruce_chair":21,"minecraft:mossy_stone_brick_wall":114,"biomesoplenty:redwood_slab":19,"minecraft:splash_potion":5},"minecraft:dropped":{"biomesoplenty:fir_sapling":2,"tacz:modern_kinetic_gun":2,"biomesoplenty:fir_log":2},"minecraft:killed":{"minecraft:sheep":3,"minecraft:cow":4}},"DataVersion":2975}