{"stats":{"minecraft:custom":{"minecraft:interact_with_smithing_table":1,"minecraft:mob_kills":19,"minecraft:interact_with_campfire":5,"minecraft:time_since_death":1188795,"minecraft:leave_game":27,"minecraft:climb_one_cm":1450,"minecraft:sprint_one_cm":648301,"minecraft:walk_one_cm":1323697,"minecraft:drop":16,"minecraft:talked_to_villager":8,"minecraft:play_time":1366848,"minecraft:deaths":5,"minecraft:sneak_time":32622,"minecraft:walk_under_water_one_cm":1072034,"minecraft:jump":3015,"minecraft:walk_on_water_one_cm":148078,"minecraft:total_world_time":1367054,"minecraft:traded_with_villager":64,"minecraft:interact_with_grindstone":2,"minecraft:time_since_rest":1188833,"minecraft:damage_taken":195,"minecraft:damage_dealt":2162,"minecraft:swim_one_cm":51585,"minecraft:fly_one_cm":1732980,"minecraft:open_chest":13,"minecraft:crouch_one_cm":13550,"minecraft:aviate_one_cm":2316064,"minecraft:interact_with_smoker":1,"minecraft:fall_one_cm":2623},"minecraft:dropped":{"biomesoplenty:fir_log":2,"minecraft:barrier":64,"minecraft:lantern":1,"minecraft:command_block":1,"biomesoplenty:fir_sapling":2,"minecraft:spruce_fence_gate":1,"minecraft:dark_oak_trapdoor":1,"tacz:modern_kinetic_gun":4,"minecraft:dirt_path":1,"minecraft:spruce_fence":1,"minecraft:spruce_planks":1},"minecraft:used":{"minecraft:moss_carpet":1,"minecraft:nether_brick_fence":21,"minecraft:netherite_sword":36,"minecraft:iron_bars":24,"minecraft:flint_and_steel":2,"minecraft:spruce_slab":17,"minecraft:elytra":2,"minecraft:spruce_planks":756,"minecraft:chest":3,"minecraft:stone":689,"minecraft:zombie_spawn_egg":10,"minecraft:deepslate_gold_ore":5,"minecraft:grass":24,"minecraft:wooden_shovel":641,"minecraft:bell":1,"minecraft:mossy_stone_brick_slab":25,"minecraft:spruce_leaves":4,"minecraft:torch":1,"biomesoplenty:stripped_cherry_log":1,"minecraft:dirt":595,"minecraft:ancient_debris":7,"minecraft:lily_of_the_valley":6,"minecraft:nether_quartz_ore":8,"biomesoplenty:redwood_fence":16,"minecraft:spruce_stairs":67,"another_furniture:brown_stool":2,"minecraft:cobblestone_wall":2,"minecraft:cracked_deepslate_tiles":35,"minecraft:deepslate_brick_slab":159,"tacz:target_minecart":9,"minecraft:spruce_fence":76,"minecraft:granite":1,"minecraft:azure_bluet":9,"biomesoplenty:redwood_log":19,"biomesoplenty:black_sandstone":79,"minecraft:stone_brick_slab":22,"minecraft:wooden_axe":2,"minecraft:sea_lantern":1,"minecraft:chipped_anvil":3,"minecraft:stripped_dark_oak_wood":33,"minecraft:red_tulip":5,"minecraft:villager_spawn_egg":61,"minecraft:grass_block":656,"minecraft:lantern":130,"minecraft:deepslate_copper_ore":3,"another_furniture:spruce_planter_box":16,"minecraft:dark_oak_button":4,"minecraft:stone_brick_stairs":15,"minecraft:barrel":12,"minecraft:stone_bricks":15,"minecraft:item_frame":1,"another_furniture:spruce_bench":54,"minecraft:deepslate_diamond_ore":9,"minecraft:snow":7,"minecraft:beef":2,"minecraft:hay_block":3,"another_furniture:service_bell":1,"minecraft:gold_block":2,"minecraft:potato":3,"another_furniture:spruce_chair":21,"minecraft:mossy_stone_brick_wall":123,"biomesoplenty:redwood_slab":19,"minecraft:deepslate_emerald_ore":11,"minecraft:deepslate_brick_wall":48,"minecraft:wheat_seeds":2,"minecraft:water_bucket":51,"minecraft:mossy_stone_bricks":18,"minecraft:cow_spawn_egg":2,"minecraft:dirt_path":59,"minecraft:powered_rail":24,"biomesoplenty:stripped_fir_wood":6,"biomesoplenty:fir_leaves":7,"minecraft:mossy_stone_brick_stairs":17,"minecraft:composter":1,"biomesoplenty:fir_planks":104,"minecraft:redstone_block":1,"minecraft:blue_bed":3,"minecraft:spruce_fence_gate":56,"minecraft:deepslate_bricks":156,"minecraft:cracked_stone_bricks":6,"minecraft:glow_item_frame":1,"minecraft:dark_oak_trapdoor":28,"minecraft:sand":90,"minecraft:rail":17,"minecraft:vine":23,"another_furniture:brown_tall_stool":1,"biomesoplenty:black_sandstone_slab":35,"minecraft:blast_furnace":6,"minecraft:campfire":30,"minecraft:dark_oak_fence_gate":9,"minecraft:stone_brick_wall":264,"minecraft:deepslate_lapis_ore":6,"minecraft:smoker":2,"tacz:target":27,"minecraft:pumpkin_seeds":2,"minecraft:deepslate_brick_stairs":212,"minecraft:nether_gold_ore":8,"minecraft:redstone_torch":15,"minecraft:deepslate_tiles":61,"biomesoplenty:black_sandstone_wall":216,"minecraft:wooden_hoe":4,"minecraft:cornflower":3,"minecraft:oxeye_daisy":1,"minecraft:firework_rocket":243,"biomesoplenty:smooth_black_sandstone_slab":1,"minecraft:command_block":5,"minecraft:zombie_head":3,"minecraft:deepslate_iron_ore":1,"minecraft:oak_button":1,"minecraft:barrier":148,"minecraft:pig_spawn_egg":2,"minecraft:detector_rail":2,"minecraft:cracked_nether_bricks":2,"biomesoplenty:black_sandstone_stairs":42,"minecraft:spruce_trapdoor":36,"biomesoplenty:stripped_fir_log":170,"minecraft:gravel":115,"minecraft:flowering_azalea_leaves":77,"biomesoplenty:stripped_cherry_wood":1,"biomesoplenty:fir_door":2,"minecraft:porkchop":2,"minecraft:grindstone":2,"minecraft:smithing_table":4,"minecraft:andesite":27,"minecraft:glass_pane":1,"minecraft:ice":30,"minecraft:sea_pickle":35,"sereneseasons:season_sensor":4,"biomesoplenty:redwood_stairs":21,"biomesoplenty:fir_log":505,"minecraft:splash_potion":5,"minecraft:candle":8},"minecraft:killed":{"minecraft:sheep":3,"minecraft:villager":12,"minecraft:cow":4},"minecraft:picked_up":{"sereneseasons:calendar":1,"minecraft:wheat":5,"minecraft:azure_bluet":5,"minecraft:cornflower":1,"minecraft:elytra":5,"minecraft:dark_oak_trapdoor":6,"minecraft:item_frame":1,"minecraft:blue_orchid":2,"minecraft:spruce_planks":1,"minecraft:beef":7,"minecraft:redstone_torch":1,"tacz:target":7,"minecraft:spruce_slab":4,"biomesoplenty:wildflower":1,"minecraft:spruce_trapdoor":5,"minecraft:torch":5,"minecraft:spruce_fence":3,"minecraft:dirt_path":1,"minecraft:command_block":1,"minecraft:red_tulip":2,"biomesoplenty:rose":1,"minecraft:mutton":3,"minecraft:white_wool":3,"biomesoplenty:lavender":1,"minecraft:barrier":64,"minecraft:dark_oak_button":23,"minecraft:water_bucket":5,"minecraft:leather":3,"sereneseasons:season_sensor":1,"minecraft:potato":34,"biomesoplenty:fir_sapling":2,"biomesoplenty:fir_log":2,"minecraft:blue_bed":4,"minecraft:paper":5,"minecraft:lantern":19,"minecraft:wheat_seeds":33,"minecraft:bell":1,"minecraft:mossy_stone_brick_wall":5,"minecraft:cooked_porkchop":5,"minecraft:sand":122,"minecraft:spruce_sapling":12,"minecraft:spruce_log":7,"minecraft:spruce_fence_gate":5,"minecraft:pumpkin_seeds":2,"tacz:modern_kinetic_gun":4,"minecraft:bread":6,"minecraft:emerald":3,"minecraft:wooden_axe":5},"minecraft:crafted":{"minecraft:air":0,"minecraft:blaze_rod":32,"minecraft:gunpowder":128}},"DataVersion":2975}