{"stats":{"minecraft:custom":{"minecraft:interact_with_smithing_table":3,"minecraft:mob_kills":179,"minecraft:interact_with_crafting_table":2,"minecraft:interact_with_campfire":5,"minecraft:leave_game":46,"minecraft:time_since_death":487430,"minecraft:climb_one_cm":3280,"minecraft:sprint_one_cm":1005531,"minecraft:walk_one_cm":1847087,"minecraft:drop":18,"minecraft:talked_to_villager":80,"minecraft:play_time":2433955,"minecraft:deaths":8,"minecraft:sneak_time":45017,"minecraft:walk_under_water_one_cm":1101202,"minecraft:jump":5873,"minecraft:walk_on_water_one_cm":163567,"minecraft:total_world_time":2434161,"minecraft:traded_with_villager":74,"minecraft:interact_with_grindstone":5,"minecraft:time_since_rest":487462,"minecraft:damage_taken":195,"minecraft:damage_dealt":8660,"minecraft:fly_one_cm":3416495,"minecraft:swim_one_cm":54387,"minecraft:open_chest":16,"minecraft:crouch_one_cm":24299,"minecraft:aviate_one_cm":2316064,"minecraft:interact_with_smoker":1,"minecraft:fall_one_cm":2623},"minecraft:dropped":{"biomesoplenty:fir_log":2,"minecraft:barrier":64,"minecraft:lantern":1,"minecraft:command_block":1,"biomesoplenty:fir_sapling":2,"biomesoplenty:black_sandstone_slab":1,"minecraft:spruce_fence_gate":1,"minecraft:dark_oak_trapdoor":1,"tacz:modern_kinetic_gun":5,"minecraft:dirt_path":1,"minecraft:spruce_fence":1,"minecraft:spruce_planks":1},"minecraft:crafted":{"minecraft:oak_planks":64,"minecraft:spruce_log":16,"minecraft:birch_log":16,"minecraft:iron_axe":4,"minecraft:jungle_log":16,"minecraft:dark_oak_planks":64,"minecraft:spruce_planks":128,"minecraft:acacia_log":16,"minecraft:birch_planks":64,"minecraft:air":0,"minecraft:jungle_planks":64,"minecraft:blaze_rod":32,"minecraft:oak_log":16,"minecraft:gunpowder":128,"minecraft:dark_oak_log":16,"minecraft:acacia_planks":64},"minecraft:picked_up":{"sereneseasons:calendar":1,"minecraft:wheat":40,"minecraft:azure_bluet":5,"minecraft:cornflower":1,"minecraft:elytra":5,"minecraft:dark_oak_trapdoor":6,"minecraft:iron_axe":2,"minecraft:item_frame":1,"minecraft:blue_orchid":2,"minecraft:netherite_sword":2,"minecraft:spruce_planks":1,"minecraft:beef":10,"minecraft:redstone_torch":1,"tacz:target":7,"minecraft:iron_pickaxe":2,"minecraft:spruce_slab":4,"biomesoplenty:wildflower":1,"minecraft:spruce_trapdoor":5,"minecraft:torch":5,"minecraft:spruce_fence":3,"minecraft:dirt_path":1,"minecraft:carrot":2,"minecraft:command_block":5,"minecraft:arrow":1,"minecraft:rotten_flesh":101,"minecraft:red_tulip":2,"biomesoplenty:rose":1,"minecraft:mutton":3,"minecraft:white_wool":3,"biomesoplenty:lavender":1,"minecraft:barrier":64,"minecraft:dark_oak_button":23,"minecraft:water_bucket":5,"minecraft:leather":4,"biomesoplenty:black_sandstone_slab":1,"sereneseasons:season_sensor":1,"minecraft:potato":90,"biomesoplenty:fir_sapling":6,"biomesoplenty:fir_log":3,"minecraft:blue_bed":4,"minecraft:dirt":2,"minecraft:paper":5,"minecraft:lantern":19,"minecraft:bone":1,"minecraft:wheat_seeds":115,"minecraft:bell":1,"minecraft:iron_ingot":40,"minecraft:mossy_stone_brick_wall":5,"minecraft:tropical_fish_bucket":2,"minecraft:cooked_porkchop":5,"minecraft:sand":122,"minecraft:spruce_sapling":12,"minecraft:spruce_log":7,"minecraft:grass_block":2,"minecraft:spruce_door":3,"minecraft:spruce_fence_gate":5,"minecraft:pumpkin_seeds":7,"tacz:modern_kinetic_gun":5,"minecraft:lever":1,"minecraft:birch_sign":1,"minecraft:bread":6,"minecraft:emerald":3,"minecraft:wooden_axe":5},"minecraft:mined":{"biomesoplenty:fir_log":1},"minecraft:killed":{"minecraft:skeleton":1,"minecraft:drowned":1,"minecraft:sheep":3,"minecraft:zombie":124,"minecraft:villager":44,"minecraft:cow":5},"minecraft:used":{"minecraft:moss_carpet":1,"minecraft:nether_brick_fence":21,"minecraft:netherite_sword":109,"minecraft:iron_bars":24,"minecraft:flint_and_steel":2,"minecraft:spruce_slab":17,"minecraft:elytra":2,"tacz:gun_smith_table":3,"minecraft:spruce_planks":783,"minecraft:chest":3,"minecraft:stone":689,"minecraft:zombie_spawn_egg":10,"minecraft:wooden_shovel":722,"minecraft:deepslate_gold_ore":5,"minecraft:grass":24,"minecraft:bell":1,"minecraft:mossy_stone_brick_slab":25,"minecraft:farmland":91,"minecraft:spruce_leaves":4,"minecraft:torch":1,"biomesoplenty:stripped_cherry_log":1,"minecraft:dirt":686,"minecraft:ancient_debris":7,"minecraft:lily_of_the_valley":6,"minecraft:nether_quartz_ore":8,"biomesoplenty:redwood_fence":16,"another_furniture:brown_stool":2,"minecraft:spruce_stairs":67,"minecraft:cobblestone_wall":2,"minecraft:deepslate_brick_slab":159,"minecraft:cracked_deepslate_tiles":35,"tacz:target_minecart":13,"minecraft:spruce_fence":76,"minecraft:granite":1,"minecraft:azure_bluet":9,"biomesoplenty:redwood_log":19,"biomesoplenty:black_sandstone":101,"minecraft:dark_oak_planks":9,"minecraft:stone_brick_slab":22,"minecraft:wooden_axe":2,"minecraft:sea_lantern":1,"minecraft:chipped_anvil":3,"minecraft:stripped_dark_oak_wood":33,"minecraft:red_tulip":5,"minecraft:villager_spawn_egg":132,"minecraft:iron_axe":1,"minecraft:deepslate_copper_ore":3,"minecraft:lantern":143,"minecraft:grass_block":705,"minecraft:dark_oak_button":4,"another_furniture:spruce_planter_box":16,"minecraft:barrel":12,"minecraft:stone_brick_stairs":15,"minecraft:stone_bricks":17,"minecraft:item_frame":1,"minecraft:deepslate_diamond_ore":9,"another_furniture:spruce_bench":54,"minecraft:snow":7,"minecraft:beef":2,"minecraft:hay_block":3,"another_furniture:service_bell":1,"minecraft:gold_block":2,"minecraft:potato":22,"another_furniture:spruce_chair":21,"minecraft:pumpkin":4,"biomesoplenty:redwood_slab":19,"minecraft:mossy_stone_brick_wall":124,"minecraft:deepslate_emerald_ore":11,"minecraft:deepslate_brick_wall":48,"minecraft:wheat_seeds":48,"minecraft:water_bucket":75,"minecraft:mossy_stone_bricks":37,"minecraft:cow_spawn_egg":5,"minecraft:spruce_door":8,"minecraft:dirt_path":91,"minecraft:powered_rail":24,"biomesoplenty:stripped_fir_wood":6,"biomesoplenty:fir_leaves":2666,"minecraft:mossy_stone_brick_stairs":17,"minecraft:redstone_block":1,"biomesoplenty:fir_planks":104,"minecraft:composter":2,"minecraft:blue_bed":3,"minecraft:spruce_fence_gate":56,"minecraft:deepslate_bricks":156,"minecraft:cracked_stone_bricks":7,"minecraft:glow_item_frame":1,"minecraft:dark_oak_trapdoor":28,"minecraft:sand":100,"minecraft:rail":17,"minecraft:vine":23,"minecraft:blast_furnace":6,"another_furniture:brown_tall_stool":1,"minecraft:birch_sign":3,"biomesoplenty:black_sandstone_slab":67,"minecraft:campfire":30,"minecraft:dark_oak_fence_gate":9,"minecraft:stone_brick_wall":264,"minecraft:lingering_potion":12,"minecraft:deepslate_lapis_ore":6,"tacz:target":27,"minecraft:spruce_log":3,"minecraft:smoker":2,"minecraft:deepslate_brick_stairs":212,"minecraft:pumpkin_seeds":9,"minecraft:nether_gold_ore":8,"minecraft:redstone_torch":15,"minecraft:deepslate_tiles":61,"biomesoplenty:black_sandstone_wall":255,"minecraft:wooden_hoe":4,"minecraft:lever":6,"minecraft:cornflower":3,"minecraft:oxeye_daisy":1,"minecraft:firework_rocket":243,"biomesoplenty:smooth_black_sandstone_slab":1,"minecraft:command_block":56,"minecraft:zombie_head":3,"minecraft:deepslate_iron_ore":1,"minecraft:oak_button":1,"minecraft:barrier":173,"minecraft:pig_spawn_egg":4,"minecraft:netherite_axe":17,"minecraft:detector_rail":2,"minecraft:cracked_nether_bricks":2,"biomesoplenty:black_sandstone_stairs":85,"minecraft:spruce_trapdoor":36,"minecraft:deepslate":66,"biomesoplenty:stripped_fir_log":170,"minecraft:gravel":118,"minecraft:flowering_azalea_leaves":77,"biomesoplenty:stripped_cherry_wood":1,"minecraft:cobblestone":56,"biomesoplenty:fir_door":2,"minecraft:dark_oak_fence":64,"minecraft:porkchop":2,"minecraft:grindstone":2,"minecraft:smithing_table":4,"minecraft:andesite":27,"minecraft:sea_pickle":35,"minecraft:glass_pane":1,"minecraft:repeating_command_block":24,"minecraft:ice":30,"sereneseasons:season_sensor":4,"biomesoplenty:redwood_stairs":21,"biomesoplenty:fir_log":686,"minecraft:bone_meal":199,"minecraft:splash_potion":330,"minecraft:candle":8}},"DataVersion":2975}